id,value,factor,total
1.000000,10.500000,2.000000,21.000000
2.000000,20.000000,1.500000,30.000000
3.000000,15.200000,1.800000,27.360000
4.000000,30.100000,1.200000,36.120000
5.000000,25.400000,1.400000,35.560000
